{"cameraMode":{"drawMode":0,"name":"Shaded","section":"Shading Mode"},"sceneLighting":true,"audioPlay":false,"sceneViewState":{"m_AlwaysRefresh":false,"showFog":true,"showSkybox":true,"showFlares":true,"showImageEffects":true,"showParticleSystems":true,"showVisualEffectGraphs":true,"m_FxEnabled":true},"in2DMode":false,"pivot":{"x":234.1341552734375,"y":125.05488586425781,"z":-24.72760772705078},"rotation":{"x":0.005690393038094044,"y":-0.008402851410210133,"z":-0.00004770659143105149,"w":-0.9999460577964783},"size":229.57284545898438,"orthographic":false}